<package>
  <description brief="A local planner for a mobile base">

This package provides implementations of the Trajectory Rollout and Dynamic Window approaches to local robot navigation on a plane. Given a plan to follow and a costmap, the controller produces velocity commands to send to a mobile base. This package supports both holonomic and non-holonomic robots, any robot footprint that can be represented as a convex polygon or circle, and exposes its configuration as ROS parameters that can be set in a launch file. This package's ROS wrapper adheres to the BaseLocalPlanner interface specified in the <a href="http://ros.org/wiki/nav_core">nav_core</a> package. 

  </description>
  <author>Eitan Marder-Eppstein, Eric Perko</author>
  <license>BSD</license>
  <review status="Doc reviewed" notes=""/>
  <url>http://ros.org/wiki/base_local_planner</url>
  <depend package="std_msgs" />
  <depend package="nav_msgs" />
  <depend package="rosconsole" />
  <depend package="roscpp" />
  <depend package="tf" />
  <depend package="roslib" />
  <depend package="rospy" />
  <depend package="pluginlib" />
  <depend package="costmap_2d" />
  <depend package="voxel_grid" />
  <depend package="angles" />
  <depend package="visualization_msgs"/>
  <depend package="geometry_msgs"/>
  <depend package="nav_core"/>
  <depend package="pcl"/>
  <depend package="pcl_ros"/>
  <depend package="common_rosdeps" />
  <rosdep name="eigen" />
  <repository>http://pr.willowgarage.com/repos</repository>
  <export>
    <cpp cflags="-I${prefix}/include -I${prefix}/cfg/cpp" lflags="-Wl,-rpath,${prefix}/lib -L${prefix}/lib -lbase_local_planner" />
    <nav_core plugin="${prefix}/blp_plugin.xml" />
  </export>
  <platform os="ubuntu" version="9.04"/>
  <platform os="ubuntu" version="9.10"/>
  <platform os="ubuntu" version="10.04"/>
</package>
