<package>
  <description brief="ackermann_plugin_gazebo">

     ackermann_plugin_gazebo

  </description>
  <author>alex</author>
  <license>BSD</license>
  <review status="unreviewed" notes=""/>
  <url>http://ros.org/wiki/ackermann_plugin_gazebo</url>
  <depend package="gazebo"/>
  <depend package="gazebo_tools"/>
  <depend package="roscpp"/>
  <depend package="rospy"/>  
  <depend package="angles" />
  <depend package="std_srvs" />
  <depend package="geometry_msgs" />
  <depend package="sensor_msgs" />
  <depend package="art_msgs" />
  <depend package="nav_msgs" />
  <depend package="bullet" />
  <depend package="urdf" />
  <depend package="tf" />
  <depend package="dynamic_reconfigure" />
  <depend package="driver_base" />
  <export>
    <cpp cflags="-I${prefix}/include -I${prefix}/msg/cpp -I${prefix}/srv/cpp" lflags="-Wl,-rpath,${prefix}/lib -L${prefix}/lib" />
    <gazebo plugin_path="${prefix}/lib" />
  </export>
  <rosdep name="python-numpy"/>
  <platform os="ubuntu" version="9.04"/>
  <platform os="ubuntu" version="9.10"/>
  <platform os="ubuntu" version="10.04"/>
</package>


